pl 103 RADIO,pl_103_RADIO,Commercial2,0,https://www.radio-polska.pl/103-radio,,0
pl 247PolkaHeaven,pl_247PolkaHeaven,Commercial2,1,https://www.radio-polska.pl/247polkaheaven,,0
pl 30 lat RMF FM,pl_30_lat_RMF_FM,Commercial2,0,https://www.radio-polska.pl/30-lat-rmf-fm,,0
pl 420 FM,pl_420_FM,Commercial2,1,https://www.radio-polska.pl/truckerclub,,0
pl Akademickie Radio Centrum,pl_Akademickie_Radio_Centrum,Commercial2,0,https://www.radio-polska.pl/akademickie-radio-centrum,,0
pl Akademickie Radio Centrum 89.0 FM,pl_Akademickie_Radio_Centrum_89.0_FM,Commercial2,1,https://www.radio-polska.pl/akademickie-radio-centrum-890-fm,,0
pl Akademickie Radio LUZ,pl_Akademickie_Radio_LUZ,Commercial2,1,https://www.radio-polska.pl/akademickie-radio-luz,,0
pl Antyradio,pl_Antyradio,Commercial2,0,https://www.radio-polska.pl/antyradio,,0
pl Antyradio Ballads,pl_Antyradio_Ballads,Commercial2,0,https://www.radio-polska.pl/antyradio-ballads,,0
pl Antyradio Classic Rock,pl_Antyradio_Classic_Rock,Commercial2,0,https://www.radio-polska.pl/antyradio-classic-rock,,0
pl Antyradio Covers,pl_Antyradio_Covers,Commercial2,0,https://www.radio-polska.pl/antyradio-covers,,0
pl Antyradio Greatest,pl_Antyradio_Greatest,Commercial2,0,https://www.radio-polska.pl/antyradio-greatest,,0
pl Antyradio Hard,pl_Antyradio_Hard,Commercial2,0,https://www.radio-polska.pl/antyradio-hard,,0
pl Antyradio Katowice,pl_Antyradio_Katowice,Commercial2,0,https://www.radio-polska.pl/antyradio-katowice,,0
pl Antyradio Made in Poland,pl_Antyradio_Made_in_Poland,Commercial2,0,https://www.radio-polska.pl/antyradio-made-in-poland,,0
pl Antyradio Makak,pl_Antyradio_Makak,Commercial2,0,https://www.radio-polska.pl/antyradio-makak,,0
pl Antyradio Unplugged,pl_Antyradio_Unplugged,Commercial2,0,https://www.radio-polska.pl/antyradio-unplugged,,0
pl Banita Maxx Radio,pl_Banita_Maxx_Radio,Commercial2,0,https://www.radio-polska.pl/banita-maxx-radio,,0
pl BBC World Service,pl_BBC_World_Service,Commercial2,0,https://www.radio-polska.pl/sg/bbc-world-service,,0
pl Best of RMFON,pl_Best_of_RMFON,Commercial2,0,https://www.radio-polska.pl/best-of-rmfon,,0
pl BEST Radio,pl_BEST_Radio,Commercial2,1,https://www.radio-polska.pl/best-radio,,0
pl Blisko Tatr,pl_Blisko_Tatr,Commercial2,1,https://www.radio-polska.pl/blisko-tatr,,0
pl Brama północy,pl_Brama_północy,Commercial2,0,https://www.radio-polska.pl/brama-polnocy,,0
pl Bravo FM,pl_Bravo_FM,Commercial2,1,https://www.radio-polska.pl/bravo-fm,,0
pl Christian Culture,pl_Christian_Culture,Commercial2,0,https://www.radio-polska.pl/christian-culture,,0
pl CMTAKOS RADIO MUZYKA PODCAST,pl_CMTAKOS_RADIO_MUZYKA_PODCAST,Commercial2,1,https://www.radio-polska.pl/cmtakos-radio-muzyka,,0
pl CYBERStacja,pl_CYBERStacja,Commercial2,1,https://www.radio-polska.pl/cyberstacja,,0
pl Cyfrowy Origin,pl_Cyfrowy_Origin,Commercial2,0,https://www.radio-polska.pl/cyfrowy-origin,,0
pl Cymru FM,pl_Cymru_FM,Commercial2,0,https://www.radio-polska.pl/cymru-fm,,0
pl DANCE FM WROCŁAW,pl_DANCE_FM_WROCŁAW,Commercial2,0,https://www.radio-polska.pl/dance-fm-wroclaw,,0
pl DEWURADIO,pl_DEWURADIO,Commercial2,0,https://www.radio-polska.pl/dewuradio,,0
pl Disco Polo RadioMax.pl,pl_Disco_Polo_RadioMax.pl,Commercial2,0,https://www.radio-polska.pl/disco-polo-radiomaxpl,,0
pl Disco Radio,pl_Disco_Radio,Commercial2,0,https://www.radio-polska.pl/disco-radio,,0
pl Disco Strefa FM,pl_Disco_Strefa_FM,Commercial2,0,https://www.radio-polska.pl/disco-strefa-fm,,0
pl Disco-Mix,pl_Disco-Mix,Commercial2,0,https://www.radio-polska.pl/disco-80-90-i-polo,,0
pl DiscoParty.pl - Club,pl_DiscoParty.pl_-_Club,Commercial2,0,https://www.radio-polska.pl/discopartypl-club-mix,,0
pl DiscoParty.pl - Disco Impreza,pl_DiscoParty.pl_-_Disco_Impreza,Commercial2,0,https://www.radio-polska.pl/discopartypl-disco-impreza,,0
pl DiscoParty.pl - Disco Polo,pl_DiscoParty.pl_-_Disco_Polo,Commercial2,0,https://www.radio-polska.pl/discopartypl,,0
pl DiscoParty.pl - Lata 90s,pl_DiscoParty.pl_-_Lata_90s,Commercial2,0,https://www.radio-polska.pl/discopartypl-lata-90s,,0
pl DiscoParty.pl - Polska Impreza,pl_DiscoParty.pl_-_Polska_Impreza,Commercial2,0,https://www.radio-polska.pl/discopartypl-polska-impreza,,0
pl DJ SWIETEK,pl_DJ_SWIETEK,Commercial2,1,https://www.radio-polska.pl/dj-swietek,,0
pl DobraStacja.pl - Disco Polo,pl_DobraStacja.pl_-_Disco_Polo,Commercial2,0,https://www.radio-polska.pl/dobrastacjapl-disco-polo,,0
pl DUBSTEP24H,pl_DUBSTEP24H,Commercial2,0,https://www.radio-polska.pl/dubstep24h,,0
pl DUBSTEP24H.PL,pl_DUBSTEP24H.PL,Commercial2,0,https://www.radio-polska.pl/dubstep24hpl,,0
pl EL-Stacja,pl_EL-Stacja,Commercial2,0,https://www.radio-polska.pl/radio-el,,0
pl ESKA Bełchatów,pl_ESKA_Bełchatów,Commercial2,0,https://www.radio-polska.pl/eska-belchatow,,0
pl ESKA Beskidy,pl_ESKA_Beskidy,Commercial2,0,https://www.radio-polska.pl/eska-beskidy,,0
pl ESKA Białystok,pl_ESKA_Białystok,Commercial2,0,https://www.radio-polska.pl/eska-bialystok,,0
pl ESKA Braniewo,pl_ESKA_Braniewo,Commercial2,0,https://www.radio-polska.pl/eska-braniewo,,0
pl ESKA Bydgoszcz,pl_ESKA_Bydgoszcz,Commercial2,0,https://www.radio-polska.pl/eska-bydgoszcz,,0
pl ESKA Do Pracy,pl_ESKA_Do_Pracy,Commercial2,0,https://www.radio-polska.pl/eska-do-pracy,,0
pl ESKA Elbląg,pl_ESKA_Elbląg,Commercial2,0,https://www.radio-polska.pl/eska-elblag,,0
pl ESKA G100,pl_ESKA_G100,Commercial2,0,https://www.radio-polska.pl/eska-summer-city,,0
pl ESKA G20,pl_ESKA_G20,Commercial2,0,https://www.radio-polska.pl/radio-eska-warszawa,,0
pl ESKA Gorzów Wlkp.,pl_ESKA_Gorzów_Wlkp.,Commercial2,0,https://www.radio-polska.pl/eska-gorzow-wlkp,,0
pl ESKA Grudziądz,pl_ESKA_Grudziądz,Commercial2,0,https://www.radio-polska.pl/eska-grudziadz,,0
pl ESKA Iława,pl_ESKA_Iława,Commercial2,0,https://www.radio-polska.pl/eska-ilawa,,0
pl ESKA Impreska,pl_ESKA_Impreska,Commercial2,0,https://www.radio-polska.pl/eska-goraca-100,,0
pl ESKA Jelenia Góra,pl_ESKA_Jelenia_Góra,Commercial2,0,https://www.radio-polska.pl/eska-jelenia-gora,,0
pl ESKA Kielce,pl_ESKA_Kielce,Commercial2,0,https://www.radio-polska.pl/eska-kielce,,0
pl ESKA Koszalin,pl_ESKA_Koszalin,Commercial2,0,https://www.radio-polska.pl/eska-koszalin,,0
pl ESKA Kraków,pl_ESKA_Kraków,Commercial2,0,https://www.radio-polska.pl/eska-krakow,,0
pl ESKA Kraśnik,pl_ESKA_Kraśnik,Commercial2,0,https://www.radio-polska.pl/eska-krasnik,,0
pl ESKA Leszno,pl_ESKA_Leszno,Commercial2,0,https://www.radio-polska.pl/eska-leszno,,0
pl ESKA Łódź,pl_ESKA_Łódź,Commercial2,0,https://www.radio-polska.pl/eska-lodz,,0
pl ESKA Łomża,pl_ESKA_Łomża,Commercial2,0,https://www.radio-polska.pl/eska-lomza,,0
pl ESKA Lublin,pl_ESKA_Lublin,Commercial2,0,https://www.radio-polska.pl/eska-lublin,,0
pl ESKA Małopolska,pl_ESKA_Małopolska,Commercial2,0,https://www.radio-polska.pl/eska-malopolska,,0
pl ESKA Olsztyn,pl_ESKA_Olsztyn,Commercial2,0,https://www.radio-polska.pl/eska-olsztyn,,0
pl ESKA Opole,pl_ESKA_Opole,Commercial2,0,https://www.radio-polska.pl/eska-opole,,0
pl ESKA Ostrów-Kalisz,pl_ESKA_Ostrów-Kalisz,Commercial2,0,https://www.radio-polska.pl/eska-ostrow-kalisz,,0
pl ESKA Ostrzeszów,pl_ESKA_Ostrzeszów,Commercial2,0,https://www.radio-polska.pl/eska-ostrzeszow,,0
pl ESKA Piła,pl_ESKA_Piła,Commercial2,0,https://www.radio-polska.pl/eska-pila,,0
pl ESKA Płock,pl_ESKA_Płock,Commercial2,0,https://www.radio-polska.pl/eska-plock,,0
pl Eska Południe,pl_Eska_Południe,Commercial2,0,https://www.radio-polska.pl/eska-poludnie,,0
pl ESKA Poznań,pl_ESKA_Poznań,Commercial2,0,https://www.radio-polska.pl/eska-poznan,,0
pl ESKA Przemyśl,pl_ESKA_Przemyśl,Commercial2,0,https://www.radio-polska.pl/eska-przemysl,,0
pl ESKA Radom,pl_ESKA_Radom,Commercial2,0,https://www.radio-polska.pl/eska-radom,,0
pl ESKA Rap20,pl_ESKA_Rap20,Commercial2,0,https://www.radio-polska.pl/eska-rap-20,,0
pl ESKA Rzeszów,pl_ESKA_Rzeszów,Commercial2,0,https://www.radio-polska.pl/eska-rzeszow,,0
pl ESKA Siedlce,pl_ESKA_Siedlce,Commercial2,0,https://www.radio-polska.pl/eska-siedlce,,0
pl ESKA Śląsk,pl_ESKA_Śląsk,Commercial2,0,https://www.radio-polska.pl/eska-slask,,0
pl ESKA Starachowice,pl_ESKA_Starachowice,Commercial2,0,https://www.radio-polska.pl/eska-starachowice,,0
pl ESKA Suwałki,pl_ESKA_Suwałki,Commercial2,0,https://www.radio-polska.pl/eska-suwalki,,0
pl ESKA Szczecin,pl_ESKA_Szczecin,Commercial2,0,https://www.radio-polska.pl/eska-szczecin,,0
pl ESKA Szczecinek,pl_ESKA_Szczecinek,Commercial2,0,https://www.radio-polska.pl/eska-szczecinek,,0
pl ESKA Tarnów,pl_ESKA_Tarnów,Commercial2,0,https://www.radio-polska.pl/eska-tarnow,,0
pl ESKA Trójmiasto,pl_ESKA_Trójmiasto,Commercial2,0,https://www.radio-polska.pl/eska-trojmiasto,,0
pl ESKA Wrocław,pl_ESKA_Wrocław,Commercial2,0,https://www.radio-polska.pl/eska-wroclaw,,0
pl ESKA Zamość,pl_ESKA_Zamość,Commercial2,0,https://www.radio-polska.pl/eska-zamosc,,0
pl ESKA Żary,pl_ESKA_Żary,Commercial2,0,https://www.radio-polska.pl/eska-zary,,0
pl ESKA Zielona Góra,pl_ESKA_Zielona_Góra,Commercial2,0,https://www.radio-polska.pl/eska-zielona-gora,,0
pl ESKA2 Biała Podlaska,pl_ESKA2_Biała_Podlaska,Commercial2,0,https://www.radio-polska.pl/supernova-biala-podlaska,,0
pl ESKA2 Disco Polo,pl_ESKA2_Disco_Polo,Commercial2,0,https://www.radio-polska.pl/supernova-disco-polo,,0
pl ESKA2 Dla Dzieci,pl_ESKA2_Dla_Dzieci,Commercial2,0,https://www.radio-polska.pl/supernova-sanah,,0
pl ESKA2 Jelenia Góra,pl_ESKA2_Jelenia_Góra,Commercial2,0,https://www.radio-polska.pl/supernova-jelenia-gora,,0
pl ESKA2 Kielce,pl_ESKA2_Kielce,Commercial2,0,https://www.radio-polska.pl/supernova-kielce,,0
pl ESKA2 Konin,pl_ESKA2_Konin,Commercial2,0,https://www.radio-polska.pl/supernova-konin,,0
pl ESKA2 Kraków,pl_ESKA2_Kraków,Commercial2,0,https://www.radio-polska.pl/supernova-krakow,,0
pl ESKA2 Kultowe Polskie,pl_ESKA2_Kultowe_Polskie,Commercial2,0,https://www.radio-polska.pl/supernova-classic,,0
pl ESKA2 Łódź,pl_ESKA2_Łódź,Commercial2,0,https://www.radio-polska.pl/supernova-lodz,,0
pl ESKA2 Nowy Sącz,pl_ESKA2_Nowy_Sącz,Commercial2,0,https://www.radio-polska.pl/supernova-nowy-sacz,,0
pl ESKA2 Opole,pl_ESKA2_Opole,Commercial2,0,https://www.radio-polska.pl/supernova-opole,,0
pl ESKA2 Polska Impreza,pl_ESKA2_Polska_Impreza,Commercial2,0,https://www.radio-polska.pl/supernova-party,,0
pl ESKA2 Polski Rock,pl_ESKA2_Polski_Rock,Commercial2,0,https://www.radio-polska.pl/supernova-rock,,0
pl ESKA2 Polskie Na Czasie,pl_ESKA2_Polskie_Na_Czasie,Commercial2,0,https://www.radio-polska.pl/supernova-super-13,,0
pl ESKA2 Rzeszów,pl_ESKA2_Rzeszów,Commercial2,0,https://www.radio-polska.pl/supernova-rzeszow,,0
pl ESKA2 Stalowa Wola,pl_ESKA2_Stalowa_Wola,Commercial2,0,https://www.radio-polska.pl/supernova-stalowa-wola,,0
pl ESKA2 Szczecin,pl_ESKA2_Szczecin,Commercial2,0,https://www.radio-polska.pl/supernova-szczecin,,0
pl ESKA2 Toruń,pl_ESKA2_Toruń,Commercial2,0,https://www.radio-polska.pl/supernova-torun,,0
pl ESKA2 Trójmiasto,pl_ESKA2_Trójmiasto,Commercial2,0,https://www.radio-polska.pl/supernova-trojmiasto,,0
pl ESKA2 Warszawa,pl_ESKA2_Warszawa,Commercial2,0,https://www.radio-polska.pl/radio-wawa,,0
pl ESKA2 Wrocław,pl_ESKA2_Wrocław,Commercial2,0,https://www.radio-polska.pl/supernova-wroclaw,,0
pl ESKA2Trzebnica,pl_ESKA2Trzebnica,Commercial2,0,https://www.radio-polska.pl/supernova-trzebnica,,0
pl EskaROCK,pl_EskaROCK,Commercial2,0,https://www.radio-polska.pl/radio-muzofm,,0
pl EskaROCK Dobrze Rockuje,pl_EskaROCK_Dobrze_Rockuje,Commercial2,0,https://www.radio-polska.pl/eska-rock-dobrze-rockuje,,0
pl EskaROCK Klasyka Rocka,pl_EskaROCK_Klasyka_Rocka,Commercial2,0,https://www.radio-polska.pl/eska-rock-classic,,0
pl EskaROCK Online,pl_EskaROCK_Online,Commercial2,0,https://www.radio-polska.pl/radio-eska-rock,,0
pl EskaROCK Rock Ballads,pl_EskaROCK_Rock_Ballads,Commercial2,0,https://www.radio-polska.pl/eska-rock-rock-ballads,,0
pl EskaROCK Teraz Polski Rock,pl_EskaROCK_Teraz_Polski_Rock,Commercial2,0,https://www.radio-polska.pl/eska-rock-teraz-polski-rock,,0
pl Flash FM,pl_Flash_FM,Commercial2,1,https://www.radio-polska.pl/flash-fm,,0
pl Folk Radio,pl_Folk_Radio,Commercial2,1,https://www.radio-polska.pl/folk-radio,,0
pl FRED FILM RADIO Polish,pl_FRED_FILM_RADIO_Polish,Commercial2,1,https://www.radio-polska.pl/fred-film-radio-polish,,0
pl Freechannel-Chillout,pl_Freechannel-Chillout,Commercial2,0,https://www.radio-polska.pl/freechannel-chilout,,0
pl Freeroam FM,pl_Freeroam_FM,Commercial2,1,https://www.radio-polska.pl/freeroam-fm,,0
pl Gdynia Radio,pl_Gdynia_Radio,Commercial2,0,https://www.radio-polska.pl/gdynia-radio,,0
pl Goa Channel One,pl_Goa_Channel_One,Commercial2,0,https://www.radio-polska.pl/goa-channel-one,,0
pl Goryl Radio,pl_Goryl_Radio,Commercial2,0,https://www.radio-polska.pl/goryl-radio,,0
pl HellsFM,pl_HellsFM,Commercial2,0,https://www.radio-polska.pl/hellsfm,,0
pl HiphopStacja,pl_HiphopStacja,Commercial2,1,https://www.radio-polska.pl/hiphopstacja,,0
pl Hitradio,pl_Hitradio,Commercial2,1,https://www.radio-polska.pl/hitradio,,0
pl House of Funk Radio,pl_House_of_Funk_Radio,Commercial2,0,https://www.radio-polska.pl/house-of-funk-radio,,0
pl InterStacja,pl_InterStacja,Commercial2,1,https://www.radio-polska.pl/interstacja,,0
pl InterStacja - Club,pl_InterStacja_-_Club,Commercial2,1,https://www.radio-polska.pl/interstacja-club,,0
pl InterStacja - Disco Polo,pl_InterStacja_-_Disco_Polo,Commercial2,1,https://www.radio-polska.pl/interstacja-disco-polo,,0
pl InterStacja - Eurodance,pl_InterStacja_-_Eurodance,Commercial2,1,https://www.radio-polska.pl/interstacja-eurodance,,0
pl InterStacja - Najnowsze Hity,pl_InterStacja_-_Najnowsze_Hity,Commercial2,1,https://www.radio-polska.pl/interstacja-najnowsze-hity,,0
pl InterStacja - Oldies,pl_InterStacja_-_Oldies,Commercial2,1,https://www.radio-polska.pl/interstacja-oldies,,0
pl InterStacja - Polskie Hity,pl_InterStacja_-_Polskie_Hity,Commercial2,1,https://www.radio-polska.pl/interstacja-polskie-hity,,0
pl JAZZKULTURA,pl_JAZZKULTURA,Commercial2,0,https://www.radio-polska.pl/jazzkultura,,0
pl JUMP Radio,pl_JUMP_Radio,Commercial2,1,https://www.radio-polska.pl/jump-radio,,0
pl Kanał House,pl_Kanał_House,Commercial2,0,https://www.radio-polska.pl/kanal-house,,0
pl Katolickie Radio Ciechanów,pl_Katolickie_Radio_Ciechanów,Commercial2,0,https://www.radio-polska.pl/katolickie-radio-ciechanow,,0
pl Katolickie Radio Podlasie,pl_Katolickie_Radio_Podlasie,Commercial2,1,https://www.radio-polska.pl/katolickie-radio-podlasie,,0
pl Katolickie Radio Zamosc,pl_Katolickie_Radio_Zamosc,Commercial2,1,https://www.radio-polska.pl/katolickie-radio-zamosc,,0
pl Konin FM 104.1,pl_Konin_FM_104.1,Commercial2,0,https://www.radio-polska.pl/konin-fm-1041,,0
pl Lagoon FM,pl_Lagoon_FM,Commercial2,0,https://www.radio-polska.pl/lagoon-fm,,0
pl LicznikFM,pl_LicznikFM,Commercial2,0,https://www.radio-polska.pl/licznikfm,,0
pl Life 4 Club,pl_Life_4_Club,Commercial2,0,https://www.radio-polska.pl/life-4-club,,0
pl Lokalne Radio Ryn,pl_Lokalne_Radio_Ryn,Commercial2,1,https://www.radio-polska.pl/lokalne-radio-ryn,,0
pl LotniskavAirport PL,pl_LotniskavAirport_PL,Commercial2,1,https://www.radio-polska.pl/lotniskaairport-pl,,0
pl LPU Radio,pl_LPU_Radio,Commercial2,0,https://www.radio-polska.pl/lpu-radio,,0
pl Lupus Deserto,pl_Lupus_Deserto,Commercial2,1,https://www.radio-polska.pl/lupus-deserto,,0
pl Mega Radio,pl_Mega_Radio,Commercial2,0,https://www.radio-polska.pl/mega-radio,,0
pl Meloradio,pl_Meloradio,Commercial2,0,https://www.radio-polska.pl/radio-zet-gold,,0
pl Meloradio Olsztyn,pl_Meloradio_Olsztyn,Commercial2,0,https://www.radio-polska.pl/meloradio-olsztyn,,0
pl Meloradio Poznań,pl_Meloradio_Poznań,Commercial2,0,https://www.radio-polska.pl/meloradio-poznan,,0
pl Metal Live Radio,pl_Metal_Live_Radio,Commercial2,1,https://www.radio-polska.pl/metal-live-radio,,0
pl Mijają lata zostają piosenki,pl_Mijają_lata_zostają_piosenki,Commercial2,1,https://www.radio-polska.pl/mijaja-lata-zostaja-piosenki,,0
pl Minimal Mix Radio,pl_Minimal_Mix_Radio,Commercial2,0,https://www.radio-polska.pl/minimal-mix-radio,,0
pl msRadio 90s,pl_msRadio_90s,Commercial2,0,https://www.radio-polska.pl/msradio-90s,,0
pl Muzyczne Radio,pl_Muzyczne_Radio,Commercial2,0,https://www.radio-polska.pl/muzyczne-radio,,0
pl Na Okrągło,pl_Na_Okrągło,Commercial2,0,https://www.radio-polska.pl/na-okraglo,,0
pl Nasluch.com,pl_Nasluch.com,Commercial2,1,https://www.radio-polska.pl/nasluchcom,,0
pl Nasze Radio,pl_Nasze_Radio,Commercial2,0,https://www.radio-polska.pl/nasze-radio,,0
pl Nasze Radio nostalgicznie,pl_Nasze_Radio_nostalgicznie,Commercial2,0,https://www.radio-polska.pl/nasze-radio-usa,,0
pl Niepoprawne Radio PL,pl_Niepoprawne_Radio_PL,Commercial2,1,https://www.radio-polska.pl/niepoprawne-radio-pl,,0
pl Niewidzialni FM,pl_Niewidzialni_FM,Commercial2,0,https://www.radio-polska.pl/niewidzialni-fm,,0
pl Norda FM,pl_Norda_FM,Commercial2,0,https://www.radio-polska.pl/norda-fm,,0
pl Och! Radio,pl_Och!_Radio,Commercial2,0,https://www.radio-polska.pl/och-radio,,0
pl Off Radio Kraków,pl_Off_Radio_Kraków,Commercial2,1,https://www.radio-polska.pl/off-radio-krakow,,0
pl Pallotti.FM,pl_Pallotti.FM,Commercial2,1,https://www.radio-polska.pl/pallottifm,,0
pl Parafia,pl_Parafia,Commercial2,1,https://www.radio-polska.pl/parafia,,0
pl PAWAROTA Radio,pl_PAWAROTA_Radio,Commercial2,0,https://www.radio-polska.pl/pawarota-radio,,0
pl Planeta FM,pl_Planeta_FM,Commercial2,1,https://www.radio-polska.pl/planeta-fm,,0
pl Planeta Hitów,pl_Planeta_Hitów,Commercial2,0,https://www.radio-polska.pl/planeta-hitow,,0
pl Polski.FM 92.7 & 99.9,pl_Polski.FM_92.7_&_99.9,Commercial2,0,https://www.radio-polska.pl/polskifm-927-999,,0
pl Polskie Radio 24,pl_Polskie_Radio_24,Commercial2,0,https://www.radio-polska.pl/polskie-radio-24,,0
pl Polskie Radio Chopin,pl_Polskie_Radio_Chopin,Commercial2,1,https://www.radio-polska.pl/polskie-radio-rytm,,0
pl Polskie Radio Czwórka,pl_Polskie_Radio_Czwórka,Commercial2,0,https://www.radio-polska.pl/polskie-radio-czworka,,0
pl Polskie Radio dzieciom,pl_Polskie_Radio_dzieciom,Commercial2,1,https://www.radio-polska.pl/polskie-radio-dzieciom,,0
pl Polskie Radio Katowice,pl_Polskie_Radio_Katowice,Commercial2,0,https://www.radio-polska.pl/pr-polskie-radio-katowice,,0
pl Polskie Radio Kierowców,pl_Polskie_Radio_Kierowców,Commercial2,0,https://www.radio-polska.pl/polskie-radio-kierowcow,,0
pl Polskie Radio Larmo,pl_Polskie_Radio_Larmo,Commercial2,0,https://www.radio-polska.pl/polskie-radio-larmo,,0
pl Polskie Radio Lublin,pl_Polskie_Radio_Lublin,Commercial2,0,https://www.radio-polska.pl/pr-polskie-radio-lublin,,0
pl Polskie Radio Pik,pl_Polskie_Radio_Pik,Commercial2,1,https://www.radio-polska.pl/pr-polskie-radio-pik,,0
pl Polskie Radio Program I (PR1) Jedynka,pl_Polskie_Radio_Program_I_(PR1)_Jedynka,Commercial2,1,https://www.radio-polska.pl/polskie-radio-program-i-pr1-jedynka,,0
pl Polskie Radio Program II (PR2) Dwójka,pl_Polskie_Radio_Program_II_(PR2)_Dwójka,Commercial2,1,https://www.radio-polska.pl/polskie-radio-program-ii-pr2-dwojka,,0
pl Polskie Radio Program III (PR3) Trójka,pl_Polskie_Radio_Program_III_(PR3)_Trójka,Commercial2,1,https://www.radio-polska.pl/polskie-radio-program-iii-pr3-trojka,,0
pl Polskie Radio Ryn,pl_Polskie_Radio_Ryn,Commercial2,1,https://www.radio-polska.pl/polskie-radio-ryn,,0
pl Polskie Radio Rzeszów,pl_Polskie_Radio_Rzeszów,Commercial2,0,https://www.radio-polska.pl/pr-polskie-radio-rzeszow,,0
pl Polskie Radio Zachód 103FM,pl_Polskie_Radio_Zachód_103FM,Commercial2,1,https://www.radio-polska.pl/rz-pr-radio-zachod,,0
pl POP Radio,pl_POP_Radio,Commercial2,1,https://www.radio-polska.pl/pop-radio,,0
pl Povi,pl_Povi,Commercial2,1,https://www.radio-polska.pl/povi,,0
pl PR MC Radio,pl_PR_MC_Radio,Commercial2,0,https://www.radio-polska.pl/pr-mc-radio,,0
pl PR Pink Floyd,pl_PR_Pink_Floyd,Commercial2,1,https://www.radio-polska.pl/pr-pink-floyd,,0
pl Profeto.pl,pl_Profeto.pl,Commercial2,1,https://www.radio-polska.pl/profetopl,,0
pl Pro-Radio PL,pl_Pro-Radio_PL,Commercial2,1,https://www.radio-polska.pl/pro-radio-pl,,0
pl Przeboje PRL,pl_Przeboje_PRL,Commercial2,0,https://www.radio-polska.pl/przeboje-prl,,0
pl Punkowe Radio Underground,pl_Punkowe_Radio_Underground,Commercial2,0,https://www.radio-polska.pl/punkowe-radio-underground,,0
pl Radio 100,pl_Radio_100,Commercial2,0,https://www.radio-polska.pl/radio-100,,0
pl Radio 357,pl_Radio_357,Commercial2,0,https://www.radio-polska.pl/radio-357,,0
pl Radio 5,pl_Radio_5,Commercial2,0,https://www.radio-polska.pl/radio-5,,0
pl Radio 7,pl_Radio_7,Commercial2,0,https://www.radio-polska.pl/radio-7,,0
pl Radio 90,pl_Radio_90,Commercial2,1,https://www.radio-polska.pl/radio-90,,0
pl Radio Afera 98.6 FM,pl_Radio_Afera_98.6_FM,Commercial2,0,https://www.radio-polska.pl/radio-afera-986-fm,,0
pl Radio Akadera,pl_Radio_Akadera,Commercial2,0,https://www.radio-polska.pl/radio-akadera,,0
pl Radio AleKanał!,pl_Radio_AleKanał!,Commercial2,1,https://www.radio-polska.pl/radio-alekanal,,0
pl Radio Alex 105.2 FM,pl_Radio_Alex_105.2_FM,Commercial2,1,https://www.radio-polska.pl/radio-alex,,0
pl Radio Alex pl,pl_Radio_Alex_pl,Commercial2,0,https://www.radio-polska.pl/radioalexpl,,0
pl Radio Anime 24,pl_Radio_Anime_24,Commercial2,1,https://www.radio-polska.pl/radio-anime-24,,0
pl Radio Anioł Beskidów,pl_Radio_Anioł_Beskidów,Commercial2,1,https://www.radio-polska.pl/radio-aniol-beskidow,,0
pl Radio Aniołek - religijne,pl_Radio_Aniołek_-_religijne,Commercial2,0,https://www.radio-polska.pl/radio-aniolek-religijne,,0
pl Radio Arkadia,pl_Radio_Arkadia,Commercial2,0,https://www.radio-polska.pl/radio-arkadia,,0
pl Radio Armageddon,pl_Radio_Armageddon,Commercial2,0,https://www.radio-polska.pl/radio-armageddon,,0
pl Radio Bagno,pl_Radio_Bagno,Commercial2,1,https://www.radio-polska.pl/radio-bagno,,0
pl Radio Baobab,pl_Radio_Baobab,Commercial2,1,https://www.radio-polska.pl/radio-baobab,,0
pl Radio Bartoszyce 90.9 FM,pl_Radio_Bartoszyce_90.9_FM,Commercial2,0,https://www.radio-polska.pl/radio-bartoszyce-909-fm,,0
pl Radio Bemowo FM,pl_Radio_Bemowo_FM,Commercial2,0,https://www.radio-polska.pl/radio-bemowo-fm,,0
pl Radio Bercik Silesia,pl_Radio_Bercik_Silesia,Commercial2,1,https://www.radio-polska.pl/radio-bercik-silesia,,0
pl Radio BEST,pl_Radio_BEST,Commercial2,0,https://www.radio-polska.pl/radio-best,,0
pl Radio Bialystok,pl_Radio_Bialystok,Commercial2,0,https://www.radio-polska.pl/pr-radio-bialystok,,0
pl Radio Biedrzychowice,pl_Radio_Biedrzychowice,Commercial2,1,https://www.radio-polska.pl/radio-biedrzychowice,,0
pl Radio Bielsko 106.7,pl_Radio_Bielsko_106.7,Commercial2,0,https://www.radio-polska.pl/radio-bielsko-1067,,0
pl Radio Bogoria,pl_Radio_Bogoria,Commercial2,1,https://www.radio-polska.pl/radio-bogoria,,0
pl Radio Bon Ton,pl_Radio_Bon_Ton,Commercial2,0,https://www.radio-polska.pl/radio-bon-ton,,0
pl Radio Borowiaczek,pl_Radio_Borowiaczek,Commercial2,0,https://www.radio-polska.pl/radio-borowiaczek,,0
pl Radio Bunt,pl_Radio_Bunt,Commercial2,1,https://www.radio-polska.pl/radio-bunt,,0
pl Radio Centrum 106.4 FM,pl_Radio_Centrum_106.4_FM,Commercial2,1,https://www.radio-polska.pl/radio-centrum-1064-fm,,0
pl Radio Centrum 11,pl_Radio_Centrum_11,Commercial2,1,https://www.radio-polska.pl/radio-centrum-11,,0
pl Radio Cezar Gdańsk,pl_Radio_Cezar_Gdańsk,Commercial2,1,https://www.radio-polska.pl/radio-cezar-gdansk,,0
pl Radio Chillizet World Jazz,pl_Radio_Chillizet_World_Jazz,Commercial2,0,https://www.radio-polska.pl/radio-zet-world-jazz,,0
pl Radio Chrystusa krola,pl_Radio_Chrystusa_krola,Commercial2,1,https://www.radio-polska.pl/radio-chrystusa-krola,,0
pl Radio Chrześcijanin,pl_Radio_Chrześcijanin,Commercial2,1,https://www.radio-polska.pl/radio-chrzescijanin,,0
pl Radio Chrześcijanin - Biblia,pl_Radio_Chrześcijanin_-_Biblia,Commercial2,1,https://www.radio-polska.pl/radio-chrzescijanin-biblia,,0
pl Radio Chrześcijanin - Instrumentalna,pl_Radio_Chrześcijanin_-_Instrumentalna,Commercial2,1,https://www.radio-polska.pl/radio-chrzescijanin-instrumentalna,,0
pl Radio Cloudsdale,pl_Radio_Cloudsdale,Commercial2,0,https://www.radio-polska.pl/radio-cloudsdale,,0
pl RADIO CLUB DJ,pl_RADIO_CLUB_DJ,Commercial2,1,https://www.radio-polska.pl/radio-club-dj,,0
pl Radio Club Party,pl_Radio_Club_Party,Commercial2,1,https://www.radio-polska.pl/najlepsze-party-w-sieci,,0
pl Radio Cyganeczka,pl_Radio_Cyganeczka,Commercial2,1,https://www.radio-polska.pl/radio-cyganeczka,,0
pl Radio Danielka,pl_Radio_Danielka,Commercial2,1,https://www.radio-polska.pl/radio-danielka,,0
pl Radio DHT (kanał główny),pl_Radio_DHT_(kanał_główny),Commercial2,0,https://www.radio-polska.pl/radio-dht,,0
pl Radio Disco Polo Non Stop FM,pl_Radio_Disco_Polo_Non_Stop_FM,Commercial2,0,https://www.radio-polska.pl/radio-disco-polo-non-stop-fm,,0
pl Radio DiscoFM,pl_Radio_DiscoFM,Commercial2,0,https://www.radio-polska.pl/radio-discofm,,0
pl Radio Dla Ciebie,pl_Radio_Dla_Ciebie,Commercial2,0,https://www.radio-polska.pl/pr-radio-dla-ciebie,,0
pl Radio dla Dorosłych,pl_Radio_dla_Dorosłych,Commercial2,1,https://www.radio-polska.pl/radio-dla-doroslych,,0
pl Radio Doxa FM,pl_Radio_Doxa_FM,Commercial2,1,https://www.radio-polska.pl/radio-doxa-fm,,0
pl Radio DTR,pl_Radio_DTR,Commercial2,0,https://www.radio-polska.pl/radio-dtr2,,0
pl Radio Dźwięk,pl_Radio_Dźwięk,Commercial2,0,https://www.radio-polska.pl/radio-dzwiek,,0
pl RADIO EGIDA,pl_RADIO_EGIDA,Commercial2,0,https://www.radio-polska.pl/radio-egida,,0
pl Radio ElitaCafe\REC\,pl_Radio_ElitaCafe\REC\,Commercial2,0,https://www.radio-polska.pl/radio-elita-cafe,,0
pl Radio Elka Głogów,pl_Radio_Elka_Głogów,Commercial2,0,https://www.radio-polska.pl/radio-elka-glogow2,,0
pl Radio Elka Leszno,pl_Radio_Elka_Leszno,Commercial2,1,https://www.radio-polska.pl/radio-elka-leszno,,0
pl Radio eM 107.6 FM,pl_Radio_eM_107.6_FM,Commercial2,1,https://www.radio-polska.pl/radio-em,,0
pl Radio eM 107.9 FM,pl_Radio_eM_107.9_FM,Commercial2,0,https://www.radio-polska.pl/radio-em-1079-fm,,0
pl Radio Emaus,pl_Radio_Emaus,Commercial2,0,https://www.radio-polska.pl/radio-emaus,,0
pl Radio EMKA,pl_Radio_EMKA,Commercial2,0,https://www.radio-polska.pl/radio-emka,,0
pl Radio ESKA Warszawa,pl_Radio_ESKA_Warszawa,Commercial2,0,https://www.radio-polska.pl/radio-eska,,0
pl Radio Express,pl_Radio_Express,Commercial2,0,https://www.radio-polska.pl/radio-express,,0
pl Radio EXTRA,pl_Radio_EXTRA,Commercial2,0,https://www.radio-polska.pl/radio-extra,,0
pl Radio FAMA,pl_Radio_FAMA,Commercial2,1,https://www.radio-polska.pl/radio-fama,,0
pl Radio Famka,pl_Radio_Famka,Commercial2,1,https://www.radio-polska.pl/radio-famka,,0
pl Radio FARA,pl_Radio_FARA,Commercial2,1,https://www.radio-polska.pl/radio-fara,,0
pl Radio Fest,pl_Radio_Fest,Commercial2,1,https://www.radio-polska.pl/radio-fest,,0
pl Radio Fiat,pl_Radio_Fiat,Commercial2,0,https://www.radio-polska.pl/radio-fiat,,0
pl Radio FJV FM,pl_Radio_FJV_FM,Commercial2,1,https://www.radio-polska.pl/radio-fjv-fm,,0
pl Radio Forever 80s,pl_Radio_Forever_80s,Commercial2,1,https://www.radio-polska.pl/radio-forever-80s,,0
pl Radio Forte,pl_Radio_Forte,Commercial2,1,https://www.radio-polska.pl/radio-forte,,0
pl Radio FortyPlus,pl_Radio_FortyPlus,Commercial2,0,https://www.radio-polska.pl/radio-fortyplus,,0
pl RADIO FOX,pl_RADIO_FOX,Commercial2,0,https://www.radio-polska.pl/radio-fox,,0
pl Radio Freee,pl_Radio_Freee,Commercial2,0,https://www.radio-polska.pl/radio-freee,,0
pl Radio FSSPX Polska,pl_Radio_FSSPX_Polska,Commercial2,1,https://www.radio-polska.pl/radio-fsspx-polska,,0
pl Radio FTB Club,pl_Radio_FTB_Club,Commercial2,0,https://www.radio-polska.pl/radioftb-kanal-club,,0
pl Radio FTB Disco Polo,pl_Radio_FTB_Disco_Polo,Commercial2,1,https://www.radio-polska.pl/radio-ftb-disco-polo,,0
pl Radio FTB Flash FM,pl_Radio_FTB_Flash_FM,Commercial2,0,https://www.radio-polska.pl/radio-ftb-flash-fm,,0
pl Radio FTB Rap Music,pl_Radio_FTB_Rap_Music,Commercial2,0,https://www.radio-polska.pl/radio-ftb-trance,,0
pl Radio FTB Retro DJ,pl_Radio_FTB_Retro_DJ,Commercial2,0,https://www.radio-polska.pl/radio-ftb-retro-dj,,0
pl Radio FunFM,pl_Radio_FunFM,Commercial2,0,https://www.radio-polska.pl/radio-funfm,,0
pl Radio Gdansk,pl_Radio_Gdansk,Commercial2,0,https://www.radio-polska.pl/pr-radio-gdansk,,0
pl Radio Glos,pl_Radio_Glos,Commercial2,1,https://www.radio-polska.pl/radio-glos,,0
pl Radio Gniezno 104.3,pl_Radio_Gniezno_104.3,Commercial2,1,https://www.radio-polska.pl/radio-gniezno-1043,,0
pl Radio Gorzów 95.6FM,pl_Radio_Gorzów_95.6FM,Commercial2,1,https://www.radio-polska.pl/pr-radio-gorzow,,0
pl Radio Gozdawa,pl_Radio_Gozdawa,Commercial2,0,https://www.radio-polska.pl/radio-gozdawa,,0
pl Radio Gra,pl_Radio_Gra,Commercial2,1,https://www.radio-polska.pl/radio-gra,,0
pl Radio GRA 95.1 Wrocław,pl_Radio_GRA_95.1_Wrocław,Commercial2,0,https://www.radio-polska.pl/radio-gra-951-wroclaw,,0
pl Radio Gra Wroclaw,pl_Radio_Gra_Wroclaw,Commercial2,0,https://www.radio-polska.pl/radio-gra-wroclaw,,0
pl Radio Graco Media,pl_Radio_Graco_Media,Commercial2,0,https://www.radio-polska.pl/radio-kaka,,0
pl Radio Heaven,pl_Radio_Heaven,Commercial2,0,https://www.radio-polska.pl/radio-heaven,,0
pl Radio HIT,pl_Radio_HIT,Commercial2,1,https://www.radio-polska.pl/radio-hit,,0
pl Radio Hit FM,pl_Radio_Hit_FM,Commercial2,1,https://www.radio-polska.pl/radio-hit-fm,,0
pl Radio Imperium,pl_Radio_Imperium,Commercial2,0,https://www.radio-polska.pl/radio-imperium,,0
pl Radio Impuls 97.2 FM,pl_Radio_Impuls_97.2_FM,Commercial2,0,https://www.radio-polska.pl/radio-impuls-972-fm,,0
pl Radio Index,pl_Radio_Index,Commercial2,0,https://www.radio-polska.pl/radio-index,,0
pl Radio Italo4you,pl_Radio_Italo4you,Commercial2,0,https://www.radio-polska.pl/radio-italo4you,,0
pl Radio Iżewska,pl_Radio_Iżewska,Commercial2,0,https://www.radio-polska.pl/radio-izewska,,0
pl Radio Jard,pl_Radio_Jard,Commercial2,1,https://www.radio-polska.pl/radio-jard,,0
pl Radio Jard 2,pl_Radio_Jard_2,Commercial2,1,https://www.radio-polska.pl/radio-jard-2,,0
pl Radio Jasna Góra 100.6,pl_Radio_Jasna_Góra_100.6,Commercial2,0,https://www.radio-polska.pl/radio-jasna-gora-1006,,0
pl Radio Jura,pl_Radio_Jura,Commercial2,1,https://www.radio-polska.pl/radio-jura,,0
pl Radio Kampus 97.1,pl_Radio_Kampus_97.1,Commercial2,0,https://www.radio-polska.pl/radio-kampus-971,,0
pl Radio Kapitał,pl_Radio_Kapitał,Commercial2,0,https://www.radio-polska.pl/radio-kapital,,0
pl Radio Kaszebe,pl_Radio_Kaszebe,Commercial2,1,https://www.radio-polska.pl/radio-kaszebe,,0
pl Radio Kielce 101.4,pl_Radio_Kielce_101.4,Commercial2,0,https://www.radio-polska.pl/pr-radio-kielce-1014,,0
pl Radio Kolobrzeg,pl_Radio_Kolobrzeg,Commercial2,1,https://www.radio-polska.pl/radio-kolobrzeg,,0
pl Radio Kolor 103 FM,pl_Radio_Kolor_103_FM,Commercial2,1,https://www.radio-polska.pl/radio-kolor-103-fm,,0
pl Radio Koszalin,pl_Radio_Koszalin,Commercial2,0,https://www.radio-polska.pl/radio-koszalin,,0
pl Radio Kraków,pl_Radio_Kraków,Commercial2,1,https://www.radio-polska.pl/pr-radio-krakow,,0
pl Radio Kraków Kultura,pl_Radio_Kraków_Kultura,Commercial2,0,https://www.radio-polska.pl/radio-krakow-kultura,,0
pl Radio Kujawy,pl_Radio_Kujawy,Commercial2,0,https://www.radio-polska.pl/radio-kujawy,,0
pl Radio Kultura,pl_Radio_Kultura,Commercial2,0,https://www.radio-polska.pl/radio-kultura,,0
pl Radio Kuropatwa,pl_Radio_Kuropatwa,Commercial2,1,https://www.radio-polska.pl/radio-kuropatwa,,0
pl Radio Leliwa,pl_Radio_Leliwa,Commercial2,0,https://www.radio-polska.pl/radio-leliwa,,0
pl Radio Lemko,pl_Radio_Lemko,Commercial2,0,https://www.radio-polska.pl/radio-lemko,,0
pl Radio Lódz,pl_Radio_Lódz,Commercial2,0,https://www.radio-polska.pl/pr-radio-lodz,,0
pl Radio Malbork 90.4 FM,pl_Radio_Malbork_90.4_FM,Commercial2,0,https://www.radio-polska.pl/radio-malbork-904-fm,,0
pl Radio Manhattan,pl_Radio_Manhattan,Commercial2,1,https://www.radio-polska.pl/radio-manhattan-998,,0
pl Radio Marconi,pl_Radio_Marconi,Commercial2,0,https://www.radio-polska.pl/rm24fun,,0
pl Radio Martynianka,pl_Radio_Martynianka,Commercial2,0,https://www.radio-polska.pl/radio-martynianka,,0
pl Radio Maryja,pl_Radio_Maryja,Commercial2,0,https://www.radio-polska.pl/radio-maryja,,0
pl Radio MBox,pl_Radio_MBox,Commercial2,1,https://www.radio-polska.pl/radio-mbox,,0
pl Radio Mbox - Club,pl_Radio_Mbox_-_Club,Commercial2,0,https://www.radio-polska.pl/radio-mbox-club,,0
pl Radio Mbox - DISCO POLO,pl_Radio_Mbox_-_DISCO_POLO,Commercial2,1,https://www.radio-polska.pl/radio-mbox-disco-polo,,0
pl Radio Mbox - Gold Hit's,pl_Radio_Mbox_-_Gold_Hit's,Commercial2,0,https://www.radio-polska.pl/radio-mbox-gold-hits,,0
pl Radio MIRAGE,pl_Radio_MIRAGE,Commercial2,0,https://www.radio-polska.pl/radio-mirage,,0
pl Radio Misiek - muzyka biesiadna,pl_Radio_Misiek_-_muzyka_biesiadna,Commercial2,0,https://www.radio-polska.pl/radio-misiek-muzyka-biesiadna,,0
pl Radio Moc,pl_Radio_Moc,Commercial2,0,https://www.radio-polska.pl/radio-moc,,0
pl Radio MORS,pl_Radio_MORS,Commercial2,0,https://www.radio-polska.pl/radio-mors,,0
pl Radio Motyw,pl_Radio_Motyw,Commercial2,0,https://www.radio-polska.pl/radio-motyw,,0
pl Radio MRS,pl_Radio_MRS,Commercial2,0,https://www.radio-polska.pl/radio-mrs,,0
pl Radio Muzyka Dwoch Serc,pl_Radio_Muzyka_Dwoch_Serc,Commercial2,0,https://www.radio-polska.pl/radio-muzyka-dwoch-serc,,0
pl Radio Nadzieja,pl_Radio_Nadzieja,Commercial2,0,https://www.radio-polska.pl/radio-nadzieja,,0
pl Radio NaGłos Akademicka Rozgłośnia Jeleniej Góry,pl_Radio_NaGłos_Akademicka_Rozgłośnia_Jeleniej_Góry,Commercial2,1,https://www.radio-polska.pl/radio-naglos-akademicka-rozglosnia-jeleniej-gory,,0
pl Radio Naklo,pl_Radio_Naklo,Commercial2,0,https://www.radio-polska.pl/radio-naklo,,0
pl Radio Niebieskie Oczy Heleny,pl_Radio_Niebieskie_Oczy_Heleny,Commercial2,1,https://www.radio-polska.pl/radio-niebieskie-oczy-heleny,,0
pl Radio Niepokalanów,pl_Radio_Niepokalanów,Commercial2,0,https://www.radio-polska.pl/radio-niepokalanow,,0
pl RADIO NIESIOŁOWICE,pl_RADIO_NIESIOŁOWICE,Commercial2,0,https://www.radio-polska.pl/radio-niesiolowice,,0
pl Radio Nieżurawska,pl_Radio_Nieżurawska,Commercial2,0,https://www.radio-polska.pl/radio-niezurawska,,0
pl Radio Nowinki,pl_Radio_Nowinki,Commercial2,1,https://www.radio-polska.pl/radio-nowinki,,0
pl Radio Nowy Świat,pl_Radio_Nowy_Świat,Commercial2,0,https://www.radio-polska.pl/radio-nowy-swiat,,0
pl Radio Nuta,pl_Radio_Nuta,Commercial2,0,https://www.radio-polska.pl/radio-nuta,,0
pl Radio Nysa FM,pl_Radio_Nysa_FM,Commercial2,1,https://www.radio-polska.pl/radio-nysa-fm,,0
pl Radio OIOM - Oddzial Intensywnej Opieki Muzycznej,pl_Radio_OIOM_-_Oddzial_Intensywnej_Opieki_Muzycznej,Commercial2,0,https://www.radio-polska.pl/radio-oiom-oddzial-intensywnej-opieki-muzycznej,,0
pl Radio OKO,pl_Radio_OKO,Commercial2,1,https://www.radio-polska.pl/radio-oko,,0
pl Radio Olsztyn,pl_Radio_Olsztyn,Commercial2,0,https://www.radio-polska.pl/pr-radio-olsztyn,,0
pl Radio ONY 93.1 FM,pl_Radio_ONY_93.1_FM,Commercial2,0,https://www.radio-polska.pl/radio-ony-931-fm,,0
pl Radio Opole,pl_Radio_Opole,Commercial2,1,https://www.radio-polska.pl/pr-radio-opole,,0
pl Radio Opole 2 Kultura,pl_Radio_Opole_2_Kultura,Commercial2,0,https://www.radio-polska.pl/pr-radio-opole-2,,0
pl Radio Orbit,pl_Radio_Orbit,Commercial2,0,https://www.radio-polska.pl/radio-orbit,,0
pl Radio Orthodoxia 102.7 FM,pl_Radio_Orthodoxia_102.7_FM,Commercial2,0,https://www.radio-polska.pl/radio-orthodoxia-1027-fm,,0
pl Radio Ostrowiec,pl_Radio_Ostrowiec,Commercial2,0,https://www.radio-polska.pl/radio-ostrowiec,,0
pl Radio Parada 96.0 FM,pl_Radio_Parada_96.0_FM,Commercial2,1,https://www.radio-polska.pl/radio-parada-960-fm,,0
pl Radio Paranormalium,pl_Radio_Paranormalium,Commercial2,0,https://www.radio-polska.pl/radio-paranormalium,,0
pl Radio Park FM 93.9,pl_Radio_Park_FM_93.9,Commercial2,0,https://www.radio-polska.pl/radio-park-fm-939,,0
pl Radio Party,pl_Radio_Party,Commercial2,0,https://www.radio-polska.pl/radio-party,,0
pl Radio Party - Kanał DjMixes,pl_Radio_Party_-_Kanał_DjMixes,Commercial2,0,https://www.radio-polska.pl/radio-party-kanal-djmixes,,0
pl Radio Party - kanał Energy 2000,pl_Radio_Party_-_kanał_Energy_2000,Commercial2,0,https://www.radio-polska.pl/radio-party-kanal-energy-2000,,0
pl Radio Party - Kanał Trance,pl_Radio_Party_-_Kanał_Trance,Commercial2,0,https://www.radio-polska.pl/radio-party-kanal-trance,,0
pl Radio Party - Kanał Vocal Trance,pl_Radio_Party_-_Kanał_Vocal_Trance,Commercial2,0,https://www.radio-polska.pl/radio-party-kanal-vocal-trance,,0
pl Radio Paweł MIAZGA,pl_Radio_Paweł_MIAZGA,Commercial2,0,https://www.radio-polska.pl/radio-pawel-miazga,,0
pl Radio Piekary,pl_Radio_Piekary,Commercial2,0,https://www.radio-polska.pl/radio-piekary,,0
pl Radio PIELGRZYM,pl_Radio_PIELGRZYM,Commercial2,1,https://www.radio-polska.pl/radio-pielgrzym,,0
pl Radio Piotrków,pl_Radio_Piotrków,Commercial2,0,https://www.radio-polska.pl/radio-piotrkow,,0
pl Radio PLONSK 93.6 FM,pl_Radio_PLONSK_93.6_FM,Commercial2,0,https://www.radio-polska.pl/radio-plonsk-936-fm,,0
pl Radio PLUS,pl_Radio_PLUS,Commercial2,0,https://www.radio-polska.pl/radio-plus-polska,,0
pl Radio PLUS Gdansk,pl_Radio_PLUS_Gdansk,Commercial2,0,https://www.radio-polska.pl/radio-plus-gdansk,,0
pl Radio PLUS Gniezno,pl_Radio_PLUS_Gniezno,Commercial2,0,https://www.radio-polska.pl/radio-plus-gniezno,,0
pl Radio PLUS Koszalin,pl_Radio_PLUS_Koszalin,Commercial2,0,https://www.radio-polska.pl/radio-plus-koszalin,,0
pl Radio PLUS Kraków,pl_Radio_PLUS_Kraków,Commercial2,0,https://www.radio-polska.pl/radio-plus-krakow,,0
pl Radio Plus Legnica,pl_Radio_Plus_Legnica,Commercial2,0,https://www.radio-polska.pl/radio-plus-legnica,,0
pl Radio PLUS lodz,pl_Radio_PLUS_lodz,Commercial2,0,https://www.radio-polska.pl/radio-plus-lodz,,0
pl Radio PLUS Lublin,pl_Radio_PLUS_Lublin,Commercial2,0,https://www.radio-polska.pl/radio-plus-warszawa,,0
pl Radio PLUS Olsztyn,pl_Radio_PLUS_Olsztyn,Commercial2,0,https://www.radio-polska.pl/radio-plus-olsztyn,,0
pl Radio Plus Opole,pl_Radio_Plus_Opole,Commercial2,1,https://www.radio-polska.pl/radio-plus-opole,,0
pl Radio PLUS Podhale,pl_Radio_PLUS_Podhale,Commercial2,0,https://www.radio-polska.pl/radio-plus-podhale,,0
pl Radio PLUS Radom,pl_Radio_PLUS_Radom,Commercial2,1,https://www.radio-polska.pl/radio-plus-radom2,,0
pl Radio PLUS Szczecin,pl_Radio_PLUS_Szczecin,Commercial2,0,https://www.radio-polska.pl/radio-plus-szczecin,,0
pl Radio Podhale,pl_Radio_Podhale,Commercial2,1,https://www.radio-polska.pl/radio-podahle,,0
pl Radio Pogoda,pl_Radio_Pogoda,Commercial2,0,https://www.radio-polska.pl/radio-pogoda,,0
pl Radio Poland,pl_Radio_Poland,Commercial2,1,https://www.radio-polska.pl/radio-poland,,0
pl Radio Poznan,pl_Radio_Poznan,Commercial2,0,https://www.radio-polska.pl/radio-poznan,,0
pl Radio Prestige,pl_Radio_Prestige,Commercial2,0,https://www.radio-polska.pl/radio-prestige,,0
pl Radio Pryzmat,pl_Radio_Pryzmat,Commercial2,1,https://www.radio-polska.pl/radio-pryzmat,,0
pl Radio Q 100.7 FM,pl_Radio_Q_100.7_FM,Commercial2,1,https://www.radio-polska.pl/radio-q-1007-fm,,0
pl Radio Radom 87.7 FM,pl_Radio_Radom_87.7_FM,Commercial2,0,https://www.radio-polska.pl/radio-radom-877-fm,,0
pl Radio RAM 89.8,pl_Radio_RAM_89.8,Commercial2,0,https://www.radio-polska.pl/pr-radio-ram-898,,0
pl Radio Rekord,pl_Radio_Rekord,Commercial2,0,https://www.radio-polska.pl/radio-rekord,,0
pl Radio Rekord Mazowsze,pl_Radio_Rekord_Mazowsze,Commercial2,0,https://www.radio-polska.pl/radio-rekord-mazowsze,,0
pl Radio Rekord Sandomierz,pl_Radio_Rekord_Sandomierz,Commercial2,0,https://www.radio-polska.pl/radio-rekord-sandomierz,,0
pl Radio Rekord Swietokrzyskie,pl_Radio_Rekord_Swietokrzyskie,Commercial2,0,https://www.radio-polska.pl/radio-rekord-swietokrzyskie,,0
pl Radio Republika,pl_Radio_Republika,Commercial2,0,https://www.radio-polska.pl/radio-republika,,0
pl Radio Rodzina,pl_Radio_Rodzina,Commercial2,1,https://www.radio-polska.pl/katolickie-radio-rodzina,,0
pl Radio Rodzina Kalisz,pl_Radio_Rodzina_Kalisz,Commercial2,0,https://www.radio-polska.pl/radio-rodzina-kalisz,,0
pl Radio Romans,pl_Radio_Romans,Commercial2,1,https://www.radio-polska.pl/radio-romans,,0
pl Radio Rózaniec,pl_Radio_Rózaniec,Commercial2,1,https://www.radio-polska.pl/radio-rozaniec,,0
pl Radio RSC 88.6,pl_Radio_RSC_88.6,Commercial2,0,https://www.radio-polska.pl/radio-rsc-886,,0
pl Radio Safira,pl_Radio_Safira,Commercial2,0,https://www.radio-polska.pl/radio-safira,,0
pl Radio SAR - Studencka Agencja Radiowa,pl_Radio_SAR_-_Studencka_Agencja_Radiowa,Commercial2,0,https://www.radio-polska.pl/radio-sar-studencka-agencja-radiowa,,0
pl Radio Sekret,pl_Radio_Sekret,Commercial2,0,https://www.radio-polska.pl/radio-sekret,,0
pl Radio Silesia,pl_Radio_Silesia,Commercial2,0,https://www.radio-polska.pl/radio-silesia,,0
pl Radio Slask,pl_Radio_Slask,Commercial2,1,https://www.radio-polska.pl/radio-slask,,0
pl Radio Slupsk,pl_Radio_Slupsk,Commercial2,1,https://www.radio-polska.pl/radio-slupsk,,0
pl Radio Sochaczew,pl_Radio_Sochaczew,Commercial2,0,https://www.radio-polska.pl/radio-sochaczew,,0
pl Radio SOK Sulecin,pl_Radio_SOK_Sulecin,Commercial2,0,https://www.radio-polska.pl/radio-sok-sulecin,,0
pl Radio Spin,pl_Radio_Spin,Commercial2,1,https://www.radio-polska.pl/radiospin,,0
pl Radio Starogard,pl_Radio_Starogard,Commercial2,0,https://www.radio-polska.pl/radio-starogard,,0
pl Radio Strefa FM,pl_Radio_Strefa_FM,Commercial2,0,https://www.radio-polska.pl/radio-strefa-fm,,0
pl Radio Strefa Muzy,pl_Radio_Strefa_Muzy,Commercial2,0,https://www.radio-polska.pl/radio-strefa-muzy,,0
pl Radio Studnia,pl_Radio_Studnia,Commercial2,1,https://www.radio-polska.pl/radio-studnia,,0
pl Radio Sud,pl_Radio_Sud,Commercial2,0,https://www.radio-polska.pl/radio-sud,,0
pl Radio Sudety 24,pl_Radio_Sudety_24,Commercial2,0,https://www.radio-polska.pl/radio-sudety-24,,0
pl Radio Sumerparty,pl_Radio_Sumerparty,Commercial2,0,https://www.radio-polska.pl/radio-sumerparty,,0
pl Radio Świnoujście,pl_Radio_Świnoujście,Commercial2,1,https://www.radio-polska.pl/radio-swinoujscie,,0
pl Radio Sygnały,pl_Radio_Sygnały,Commercial2,1,https://www.radio-polska.pl/radio-sygnaly,,0
pl Radio Szczecin,pl_Radio_Szczecin,Commercial2,1,https://www.radio-polska.pl/pr-radio-szczecin,,0
pl Radio Szczecin Extra,pl_Radio_Szczecin_Extra,Commercial2,0,https://www.radio-polska.pl/radio-szczecin-extra,,0
pl Radio Szkocja,pl_Radio_Szkocja,Commercial2,1,https://www.radio-polska.pl/radio-szkocja,,0
pl Radio Tango Uno,pl_Radio_Tango_Uno,Commercial2,0,https://www.radio-polska.pl/radio-tango-uno,,0
pl Radio Tatry,pl_Radio_Tatry,Commercial2,1,https://www.radio-polska.pl/radio-tatry,,0
pl Radio Tczew 100.8 FM,pl_Radio_Tczew_100.8_FM,Commercial2,0,https://www.radio-polska.pl/radio-tczew-1008-fm,,0
pl Radio The Best - Euro Dance,pl_Radio_The_Best_-_Euro_Dance,Commercial2,0,https://www.radio-polska.pl/radio-the-best-euro-dance,,0
pl Radio TOP80s,pl_Radio_TOP80s,Commercial2,1,https://www.radio-polska.pl/radio-top80s,,0
pl Radio TPI,pl_Radio_TPI,Commercial2,0,https://www.radio-polska.pl/radio-tpi,,0
pl Radio Tychy,pl_Radio_Tychy,Commercial2,0,https://www.radio-polska.pl/radio-tychy,,0
pl Radio Uniwersytet,pl_Radio_Uniwersytet,Commercial2,0,https://www.radio-polska.pl/radio-uniwersytet,,0
pl Radio Vanessa FM,pl_Radio_Vanessa_FM,Commercial2,0,https://www.radio-polska.pl/radio-vanessa-fm,,0
pl Radio Veseli Bosanac,pl_Radio_Veseli_Bosanac,Commercial2,0,https://www.radio-polska.pl/radio-veseli-bosanac,,0
pl Radio VIA,pl_Radio_VIA,Commercial2,1,https://www.radio-polska.pl/katolickie-radio-rzeszow-via,,0
pl Radio Victoria,pl_Radio_Victoria,Commercial2,0,https://www.radio-polska.pl/radio-victoria,,0
pl Radio Voices from Ukraine,pl_Radio_Voices_from_Ukraine,Commercial2,0,https://www.radio-polska.pl/radio-voices-from-ukraine,,0
pl Radio w nienagannym stylu,pl_Radio_w_nienagannym_stylu,Commercial2,1,https://www.radio-polska.pl/radio-w-nienagannym-stylu,,0
pl Radio Warmii i Mazur,pl_Radio_Warmii_i_Mazur,Commercial2,0,https://www.radio-polska.pl/radio-warmii-i-mazur,,0
pl Radio Warszawa 106.2,pl_Radio_Warszawa_106.2,Commercial2,0,https://www.radio-polska.pl/radio-warszawa-1062,,0
pl Radio Warta,pl_Radio_Warta,Commercial2,0,https://www.radio-polska.pl/radio-warta,,0
pl Radio Weekend,pl_Radio_Weekend,Commercial2,0,https://www.radio-polska.pl/radio-weekend,,0
pl Radio Widzew,pl_Radio_Widzew,Commercial2,0,https://www.radio-polska.pl/radio-widzew,,0
pl Radio Wielkopolska,pl_Radio_Wielkopolska,Commercial2,1,https://www.radio-polska.pl/radio-wielkopolska,,0
pl RADIO WIZJE,pl_RADIO_WIZJE,Commercial2,0,https://www.radio-polska.pl/radio-wizje,,0
pl Radio Włocławek WPP 101.4 FM,pl_Radio_Włocławek_WPP_101.4_FM,Commercial2,0,https://www.radio-polska.pl/radio-wloclawek-wpp-1014-fm,,0
pl Radio WNET,pl_Radio_WNET,Commercial2,1,https://www.radio-polska.pl/radio-wnet,,0
pl Radio Wroclaw 102.3,pl_Radio_Wroclaw_102.3,Commercial2,0,https://www.radio-polska.pl/pr-radio-wroclaw-1023,,0
pl Radio Wroclaw Kultura,pl_Radio_Wroclaw_Kultura,Commercial2,1,https://www.radio-polska.pl/radio-wroclaw-kultura,,0
pl Radio XVIBE,pl_Radio_XVIBE,Commercial2,0,https://www.radio-polska.pl/radio-xvibe,,0
pl Radio Yanosik,pl_Radio_Yanosik,Commercial2,0,https://www.radio-polska.pl/radio-yanosik,,0
pl Radio Yanosik Rock,pl_Radio_Yanosik_Rock,Commercial2,0,https://www.radio-polska.pl/radio-yanosik-2,,0
pl Radio z Pasją Brzeg,pl_Radio_z_Pasją_Brzeg,Commercial2,0,https://www.radio-polska.pl/radio-z-pasja-brzeg,,0
pl Radio Zak,pl_Radio_Zak,Commercial2,0,https://www.radio-polska.pl/radio-zak,,0
pl Radio Zamek Nadaje,pl_Radio_Zamek_Nadaje,Commercial2,1,https://www.radio-polska.pl/radio-zamek-nadaje,,0
pl Radio Zawiercie,pl_Radio_Zawiercie,Commercial2,1,https://www.radio-polska.pl/radio-zawiercie,,0
pl Radio ZET,pl_Radio_ZET,Commercial2,0,https://www.radio-polska.pl/radio-zet,,0
pl Radio ZET 2000,pl_Radio_ZET_2000,Commercial2,0,https://www.radio-polska.pl/radio-zet-2000,,0
pl Radio ZET 80,pl_Radio_ZET_80,Commercial2,0,https://www.radio-polska.pl/radio-zet-80,,0
pl Radio ZET 90,pl_Radio_ZET_90,Commercial2,0,https://www.radio-polska.pl/radio-zet-90,,0
pl Radio ZET Chilli Deep,pl_Radio_ZET_Chilli_Deep,Commercial2,0,https://www.radio-polska.pl/radio-zet-chilli-deep,,0
pl Radio ZET Chilli Jazz,pl_Radio_ZET_Chilli_Jazz,Commercial2,0,https://www.radio-polska.pl/radio-zet-chilli-jazz,,0
pl Radio ZET Chilli Ladies,pl_Radio_ZET_Chilli_Ladies,Commercial2,0,https://www.radio-polska.pl/radio-zet-chilli-ladies,,0
pl Radio ZET Chilli Soul,pl_Radio_ZET_Chilli_Soul,Commercial2,0,https://www.radio-polska.pl/radio-zet-chilli-soul,,0
pl Radio ZET Covers,pl_Radio_ZET_Covers,Commercial2,0,https://www.radio-polska.pl/radio-zet-covers,,0
pl Radio ZET Dance,pl_Radio_ZET_Dance,Commercial2,1,https://www.radio-polska.pl/radio-zet-dance,,0
pl Radio ZET Film,pl_Radio_ZET_Film,Commercial2,1,https://www.radio-polska.pl/radio-zet-film,,0
pl Radio ZET Hits,pl_Radio_ZET_Hits,Commercial2,0,https://www.radio-polska.pl/radio-zet-hits,,0
pl Radio ZET Kids,pl_Radio_ZET_Kids,Commercial2,1,https://www.radio-polska.pl/radio-zet-kids,,0
pl Radio ZET Latino,pl_Radio_ZET_Latino,Commercial2,0,https://www.radio-polska.pl/radio-zet-klasyka-pop,,0
pl Radio ZET Love,pl_Radio_ZET_Love,Commercial2,0,https://www.radio-polska.pl/radio-zet-love,,0
pl Radio ZET Party,pl_Radio_ZET_Party,Commercial2,0,https://www.radio-polska.pl/radio-zet-party,,0
pl Radio ZET Polskie PL,pl_Radio_ZET_Polskie_PL,Commercial2,0,https://www.radio-polska.pl/radio-zet-polskie-pl,,0
pl Radio ZET Same Hity,pl_Radio_ZET_Same_Hity,Commercial2,0,https://www.radio-polska.pl/radio-zet-same-hity,,0
pl Radio Zielona Góra 97.1FM,pl_Radio_Zielona_Góra_97.1FM,Commercial2,1,https://www.radio-polska.pl/rzg-pr-radio-zielona-gora-971,,0
pl Radio Ziemi Wieluńskiej,pl_Radio_Ziemi_Wieluńskiej,Commercial2,0,https://www.radio-polska.pl/radio-ziemi-wielunskiej,,0
pl Radio Złote Przeboje,pl_Radio_Złote_Przeboje,Commercial2,0,https://www.radio-polska.pl/radio-zlote-przeboje,,0
pl Radio Żnin,pl_Radio_Żnin,Commercial2,1,https://www.radio-polska.pl/radio-znin,,0
pl Radio Żory,pl_Radio_Żory,Commercial2,0,https://www.radio-polska.pl/radio-zory,,0
pl Radio Żuławy 106.4 FM,pl_Radio_Żuławy_106.4_FM,Commercial2,1,https://www.radio-polska.pl/radio-zulawy,,0
pl RadioJAZZ.FM,pl_RadioJAZZ.FM,Commercial2,0,https://www.radio-polska.pl/radio-jazz-fm,,0
pl RadioL4INE,pl_RadioL4INE,Commercial2,0,https://www.radio-polska.pl/radiol4ine,,0
pl RadioMix,pl_RadioMix,Commercial2,0,https://www.radio-polska.pl/radiomix,,0
pl Radio-Stacja,pl_Radio-Stacja,Commercial2,0,https://www.radio-polska.pl/radio-stacja-pl,,0
pl RadioWoM,pl_RadioWoM,Commercial2,1,https://www.radio-polska.pl/radiowom,,0
pl Rave FM,pl_Rave_FM,Commercial2,1,https://www.radio-polska.pl/rave-fm,,0
pl RDN Małopolska,pl_RDN_Małopolska,Commercial2,0,https://www.radio-polska.pl/rdn-malopolska,,0
pl RDN Nowy Sacz,pl_RDN_Nowy_Sacz,Commercial2,0,https://www.radio-polska.pl/rdn-nowy-sacz,,0
pl RM80,pl_RM80,Commercial2,0,https://www.radio-polska.pl/rm80,,0
pl RMF 10s,pl_RMF_10s,Commercial2,0,https://www.radio-polska.pl/rmf-10s,,0
pl RMF 2 Pop,pl_RMF_2_Pop,Commercial2,0,https://www.radio-polska.pl/rmf-2-pop,,0
pl RMF 2000,pl_RMF_2000,Commercial2,0,https://www.radio-polska.pl/rmf-2000,,0
pl RMF 3,pl_RMF_3,Commercial2,0,https://www.radio-polska.pl/rmf-3,,0
pl RMF 4 Dance e RNB,pl_RMF_4_Dance_e_RNB,Commercial2,0,https://www.radio-polska.pl/rmf-4,,0
pl RMF 5 Łagodne Przeboje,pl_RMF_5_Łagodne_Przeboje,Commercial2,0,https://www.radio-polska.pl/rmf-5,,0
pl RMF 50s,pl_RMF_50s,Commercial2,0,https://www.radio-polska.pl/rmf-50s,,0
pl RMF 60s,pl_RMF_60s,Commercial2,0,https://www.radio-polska.pl/rmf-60s,,0
pl RMF 70s,pl_RMF_70s,Commercial2,1,https://www.radio-polska.pl/rmf-70s,,0
pl RMF 70s disco,pl_RMF_70s_disco,Commercial2,0,https://www.radio-polska.pl/rmf-70s-disco,,0
pl RMF 80s,pl_RMF_80s,Commercial2,0,https://www.radio-polska.pl/rmf-80s,,0
pl RMF 80s disco,pl_RMF_80s_disco,Commercial2,0,https://www.radio-polska.pl/rmf-80s-disco,,0
pl RMF 90s,pl_RMF_90s,Commercial2,0,https://www.radio-polska.pl/rmf-90s,,0
pl RMF 90s Dance,pl_RMF_90s_Dance,Commercial2,0,https://www.radio-polska.pl/rmf-90s-dance,,0
pl RMF Alternatywa,pl_RMF_Alternatywa,Commercial2,0,https://www.radio-polska.pl/rmf-alternatywa,,0
pl RMF Baby dla dzieci,pl_RMF_Baby_dla_dzieci,Commercial2,0,https://www.radio-polska.pl/rmf-baby,,0
pl RMF Ballady,pl_RMF_Ballady,Commercial2,0,https://www.radio-polska.pl/rmf-nostalgia,,0
pl RMF Beatle Mania,pl_RMF_Beatle_Mania,Commercial2,0,https://www.radio-polska.pl/rmf-beatle-mania,,0
pl RMF Best of Krzysztof Krawczyk,pl_RMF_Best_of_Krzysztof_Krawczyk,Commercial2,0,https://www.radio-polska.pl/rmf-best-of-krzysztof-krawczyk,,0
pl RMF Blues,pl_RMF_Blues,Commercial2,0,https://www.radio-polska.pl/rmf-blues,,0
pl RMF Bravo,pl_RMF_Bravo,Commercial2,0,https://www.radio-polska.pl/rmf-bravo,,0
pl RMF Celtic,pl_RMF_Celtic,Commercial2,0,https://www.radio-polska.pl/rmf-celtic,,0
pl RMF Chillout,pl_RMF_Chillout,Commercial2,0,https://www.radio-polska.pl/rmf-chillout,,0
pl RMF Chopin,pl_RMF_Chopin,Commercial2,0,https://www.radio-polska.pl/rmf-chopin,,0
pl RMF Classic,pl_RMF_Classic,Commercial2,0,https://www.radio-polska.pl/rmf-classic,,0
pl RMF Classic Rock,pl_RMF_Classic_Rock,Commercial2,0,https://www.radio-polska.pl/rmf-classic-rock,,0
pl RMF Club,pl_RMF_Club,Commercial2,0,https://www.radio-polska.pl/rmf-club,,0
pl RMF Cuba,pl_RMF_Cuba,Commercial2,0,https://www.radio-polska.pl/rmf-cuba,,0
pl RMF Dance,pl_RMF_Dance,Commercial2,0,https://www.radio-polska.pl/rmf-dance,,0
pl RMF Depeche Mode,pl_RMF_Depeche_Mode,Commercial2,0,https://www.radio-polska.pl/rmf-depeche-mode,,0
pl RMF Disco,pl_RMF_Disco,Commercial2,0,https://www.radio-polska.pl/rmf-disco,,0
pl RMF Disco Polo,pl_RMF_Disco_Polo,Commercial2,0,https://www.radio-polska.pl/rmf-disco-polo,,0
pl RMF Fitness,pl_RMF_Fitness,Commercial2,0,https://www.radio-polska.pl/rmf-fitness,,0
pl RMF Fitness Rock,pl_RMF_Fitness_Rock,Commercial2,0,https://www.radio-polska.pl/rmf-fitness-rock,,0
pl RMF FM,pl_RMF_FM,Commercial2,0,https://www.radio-polska.pl/rmf-fm,,0
pl RMF Francais,pl_RMF_Francais,Commercial2,0,https://www.radio-polska.pl/rmf-francais,,0
pl RMF FRESH 2021,pl_RMF_FRESH_2021,Commercial2,0,https://www.radio-polska.pl/rmf-fresh-2021,,0
pl RMF GameMusic,pl_RMF_GameMusic,Commercial2,0,https://www.radio-polska.pl/rmf-gamemusic,,0
pl RMF Gold,pl_RMF_Gold,Commercial2,0,https://www.radio-polska.pl/rmf-gold,,0
pl RMF Grunge,pl_RMF_Grunge,Commercial2,0,https://www.radio-polska.pl/rmf-grunge,,0
pl RMF Hard & Heavy,pl_RMF_Hard_&_Heavy,Commercial2,0,https://www.radio-polska.pl/rmf-hard-heavy,,0
pl RMF Hip Hop,pl_RMF_Hip_Hop,Commercial2,0,https://www.radio-polska.pl/rmf-hip-hop,,0
pl RMF Hity wakacji 2021,pl_RMF_Hity_wakacji_2021,Commercial2,0,https://www.radio-polska.pl/rmf-hity-wakacji-2021,,0
pl RMF Hot New,pl_RMF_Hot_New,Commercial2,0,https://www.radio-polska.pl/rmf-hot-new,,0
pl RMF Kolędy,pl_RMF_Kolędy,Commercial2,0,https://www.radio-polska.pl/rmf-koledy,,0
pl RMF Lady Pank,pl_RMF_Lady_Pank,Commercial2,0,https://www.radio-polska.pl/rmf-lady-pank,,0
pl RMF Latino,pl_RMF_Latino,Commercial2,0,https://www.radio-polska.pl/rmf-latino,,0
pl RMF Love,pl_RMF_Love,Commercial2,0,https://www.radio-polska.pl/rmf-love,,0
pl RMF MAXX Włocławek,pl_RMF_MAXX_Włocławek,Commercial2,0,https://www.radio-polska.pl/rmf-maxx-wloclawek,,0
pl RMF Maxxx Hop Bec,pl_RMF_Maxxx_Hop_Bec,Commercial2,0,https://www.radio-polska.pl/rmf-maxxx-hop-bec,,0
pl RMF Michael Jackson,pl_RMF_Michael_Jackson,Commercial2,0,https://www.radio-polska.pl/rmf-michael-jackson,,0
pl RMF Muzyka Filmowa,pl_RMF_Muzyka_Filmowa,Commercial2,0,https://www.radio-polska.pl/rmf-muzyka-filmowa,,0
pl RMF Muzyka klasyczna,pl_RMF_Muzyka_klasyczna,Commercial2,0,https://www.radio-polska.pl/rmf-muzyka-klasyczna,,0
pl RMF Muzykz Klzsyczna,pl_RMF_Muzykz_Klzsyczna,Commercial2,0,https://www.radio-polska.pl/rmf-muzykz-klzsyczna,,0
pl RMF Niezapomniane melodie,pl_RMF_Niezapomniane_melodie,Commercial2,0,https://www.radio-polska.pl/rmf-niezapomniane-melodie,,0
pl RMF Party,pl_RMF_Party,Commercial2,0,https://www.radio-polska.pl/rmf-party,,0
pl RMF Piosenka filmowa,pl_RMF_Piosenka_filmowa,Commercial2,0,https://www.radio-polska.pl/rmf-piosenka-filmowa,,0
pl RMF Piosenka Literacka,pl_RMF_Piosenka_Literacka,Commercial2,0,https://www.radio-polska.pl/rmf-piosenka-literacka,,0
pl RMF Pobudka,pl_RMF_Pobudka,Commercial2,0,https://www.radio-polska.pl/rmf-pobudka,,0
pl RMF Polska prywatka,pl_RMF_Polska_prywatka,Commercial2,0,https://www.radio-polska.pl/rmf-polska-prywatka,,0
pl RMF Polski hip hop,pl_RMF_Polski_hip_hop,Commercial2,0,https://www.radio-polska.pl/rmf-polski-hip-hop,,0
pl RMF Polski Rock,pl_RMF_Polski_Rock,Commercial2,0,https://www.radio-polska.pl/rmf-polski-rock,,0
pl RMF Polskie Przeboje,pl_RMF_Polskie_Przeboje,Commercial2,0,https://www.radio-polska.pl/rmf-polskie-przeboje,,0
pl RMF Poplista,pl_RMF_Poplista,Commercial2,0,https://www.radio-polska.pl/rmf-poplista,,0
pl RMF PRL,pl_RMF_PRL,Commercial2,0,https://www.radio-polska.pl/rmf-prl,,0
pl RMF Przeboj Roku,pl_RMF_Przeboj_Roku,Commercial2,0,https://www.radio-polska.pl/rmf-przeboj-roku,,0
pl RMF Queen,pl_RMF_Queen,Commercial2,0,https://www.radio-polska.pl/rmf-queen,,0
pl RMF R&B,pl_RMF_R&B,Commercial2,0,https://www.radio-polska.pl/rmf-rb,,0
pl RMF Reggae,pl_RMF_Reggae,Commercial2,0,https://www.radio-polska.pl/rmf-reggae,,0
pl RMF Relaks,pl_RMF_Relaks,Commercial2,0,https://www.radio-polska.pl/rmf-relaks,,0
pl RMF Rock,pl_RMF_Rock,Commercial2,0,https://www.radio-polska.pl/rmf-rock,,0
pl RMF Rock Progresywny,pl_RMF_Rock_Progresywny,Commercial2,0,https://www.radio-polska.pl/rmf-rock-progresywny,,0
pl RMF Sloneczne Przeboje,pl_RMF_Sloneczne_Przeboje,Commercial2,0,https://www.radio-polska.pl/rmf-sloneczne-przeboje,,0
pl RMF Smooth Jazz,pl_RMF_Smooth_Jazz,Commercial2,0,https://www.radio-polska.pl/rmf-smooth-jazz,,0
pl RMF Studencka impreza,pl_RMF_Studencka_impreza,Commercial2,0,https://www.radio-polska.pl/rmf-studencka-impreza,,0
pl RMF Styl,pl_RMF_Styl,Commercial2,0,https://www.radio-polska.pl/rmf-styl,,0
pl RMF Swieta,pl_RMF_Swieta,Commercial2,0,https://www.radio-polska.pl/rmf-swieta,,0
pl RMF Szanty,pl_RMF_Szanty,Commercial2,0,https://www.radio-polska.pl/rmf-szanty,,0
pl RMF Top 2021 Disco Polo,pl_RMF_Top_2021_Disco_Polo,Commercial2,0,https://www.radio-polska.pl/rmf-top-2021-disco-polo,,0
pl RMF Top 30 dance,pl_RMF_Top_30_dance,Commercial2,0,https://www.radio-polska.pl/rmf-top-30-dance,,0
pl RMF Top 30 disco polo,pl_RMF_Top_30_disco_polo,Commercial2,0,https://www.radio-polska.pl/rmf-top-30-disco-polo,,0
pl RMF Top 30 PL,pl_RMF_Top_30_PL,Commercial2,0,https://www.radio-polska.pl/rmf-top-30-pl,,0
pl RMF Top 30 Pop,pl_RMF_Top_30_Pop,Commercial2,0,https://www.radio-polska.pl/rmf-top-30-pop,,0
pl RMF Top 30 święta,pl_RMF_Top_30_święta,Commercial2,0,https://www.radio-polska.pl/rmf-top-30-swieta,,0
pl RMF Trend Sounds,pl_RMF_Trend_Sounds,Commercial2,0,https://www.radio-polska.pl/rmf-club-breaks,,0
pl RMF w pracy,pl_RMF_w_pracy,Commercial2,0,https://www.radio-polska.pl/rmf-w-pracy,,0
pl RMF wakacyjne TOP 100,pl_RMF_wakacyjne_TOP_100,Commercial2,0,https://www.radio-polska.pl/rmf-wakacyjne-top-100,,0
pl RMF24,pl_RMF24,Commercial2,0,https://www.radio-polska.pl/rmf24,,0
pl RMI - Euro Disco,pl_RMI_-_Euro_Disco,Commercial2,0,https://www.radio-polska.pl/rmi-disco,,0
pl RMI - Italo Disco Classic,pl_RMI_-_Italo_Disco_Classic,Commercial2,0,https://www.radio-polska.pl/rmi-classic,,0
pl RMI - Italo Disco New Generation,pl_RMI_-_Italo_Disco_New_Generation,Commercial2,0,https://www.radio-polska.pl/rmi-new,,0
pl Rock Radio - Kraków,pl_Rock_Radio_-_Kraków,Commercial2,1,https://www.radio-polska.pl/rock-radio-krakow,,0
pl Rock Radio - Opole,pl_Rock_Radio_-_Opole,Commercial2,1,https://www.radio-polska.pl/rock-radio-opole,,0
pl Rock Radio - Polska,pl_Rock_Radio_-_Polska,Commercial2,0,https://www.radio-polska.pl/rock-radio-polska,,0
pl Rock Radio - Poznań,pl_Rock_Radio_-_Poznań,Commercial2,1,https://www.radio-polska.pl/rock-radio,,0
pl Rock Radio - Warszawa,pl_Rock_Radio_-_Warszawa,Commercial2,1,https://www.radio-polska.pl/rock-radio-warszawa,,0
pl Rockserwis FM,pl_Rockserwis_FM,Commercial2,0,https://www.radio-polska.pl/rockserwis-fm,,0
pl Rocktoberfest,pl_Rocktoberfest,Commercial2,0,https://www.radio-polska.pl/rocktoberfest,,0
pl SBS Radio - Polish,pl_SBS_Radio_-_Polish,Commercial2,1,https://www.radio-polska.pl/sbs-radio-polish,,0
pl Sizeer FM,pl_Sizeer_FM,Commercial2,0,https://www.radio-polska.pl/sizeer-fm,,0
pl Slonsky Radio,pl_Slonsky_Radio,Commercial2,0,https://www.radio-polska.pl/slonsky-radio,,0
pl SmoothJazz.com.pl,pl_SmoothJazz.com.pl,Commercial2,1,https://www.radio-polska.pl/smoothjazzcompl,,0
pl Stacja Impreza,pl_Stacja_Impreza,Commercial2,0,https://www.radio-polska.pl/stacja-impreza,,0
pl STACJARMX,pl_STACJARMX,Commercial2,1,https://www.radio-polska.pl/stacjarmx,,0
pl StrefaDobrejMuzy Radio SDM,pl_StrefaDobrejMuzy_Radio_SDM,Commercial2,0,https://www.radio-polska.pl/strefadobrejmuzy,,0
pl Studencka Agencja Radiowa,pl_Studencka_Agencja_Radiowa,Commercial2,0,https://www.radio-polska.pl/studencka-agencja-radiowa,,0
pl Super FM,pl_Super_FM,Commercial2,0,https://www.radio-polska.pl/super-fm,,0
pl Tok FM,pl_Tok_FM,Commercial2,0,https://www.radio-polska.pl/tok-fm,,0
pl Toksyna FM,pl_Toksyna_FM,Commercial2,1,https://www.radio-polska.pl/toksyna-fm,,0
pl Toksyna FM - Chillout & More,pl_Toksyna_FM_-_Chillout_&_More,Commercial2,1,https://www.radio-polska.pl/toksyna-fm-chillout-more,,0
pl Toksyna FM - DJ Channel,pl_Toksyna_FM_-_DJ_Channel,Commercial2,1,https://www.radio-polska.pl/toksyna-fm-dj-channel,,0
pl Toksyna FM - Elektronica,pl_Toksyna_FM_-_Elektronica,Commercial2,1,https://www.radio-polska.pl/toksyna-fm-elektronica,,0
pl Toksyna FM - New Romantic,pl_Toksyna_FM_-_New_Romantic,Commercial2,1,https://www.radio-polska.pl/toksyna-fm-new-romantic,,0
pl Toksyna FM - Post Punk,pl_Toksyna_FM_-_Post_Punk,Commercial2,1,https://www.radio-polska.pl/toksyna-fm-post-punk,,0
pl Toksyna FM - PsyTrance,pl_Toksyna_FM_-_PsyTrance,Commercial2,1,https://www.radio-polska.pl/toksyna-fm-psytrance,,0
pl Toksyna FM Classic,pl_Toksyna_FM_Classic,Commercial2,1,https://www.radio-polska.pl/toksyna-fm-classic,,0
pl Trendy Radio,pl_Trendy_Radio,Commercial2,0,https://www.radio-polska.pl/trendy-radio,,0
pl TV Trwam,pl_TV_Trwam,Commercial2,1,https://www.radio-polska.pl/tv-trwam,,0
pl Twoja Poska Stacja,pl_Twoja_Poska_Stacja,Commercial2,0,https://www.radio-polska.pl/twoja-poska-stacja,,0
pl Twoje Radio,pl_Twoje_Radio,Commercial2,1,https://www.radio-polska.pl/twoje-radio,,0
pl UJOT FM,pl_UJOT_FM,Commercial2,0,https://www.radio-polska.pl/ujot-fm2,,0
pl UJOT FM,pl_UJOT_FM,Commercial2,0,https://www.radio-polska.pl/ujot-fm,,0
pl Uradio - Trance,pl_Uradio_-_Trance,Commercial2,0,https://www.radio-polska.pl/uradio-trance,,0
pl UWM FM,pl_UWM_FM,Commercial2,1,https://www.radio-polska.pl/uwm-fm,,0
pl vibefm,pl_vibefm,Commercial2,0,https://www.radio-polska.pl/vibefm,,0
pl VOX Best Lista,pl_VOX_Best_Lista,Commercial2,0,https://www.radio-polska.pl/vox-best-lista2,,0
pl VOX Dance,pl_VOX_Dance,Commercial2,0,https://www.radio-polska.pl/vox-disco-party,,0
pl VOX Disco 90,pl_VOX_Disco_90,Commercial2,0,https://www.radio-polska.pl/vox-disco-90,,0
pl VOX DJ Mix,pl_VOX_DJ_Mix,Commercial2,0,https://www.radio-polska.pl/vox-roztanczony-pge-narodowy,,0
pl VOX FM,pl_VOX_FM,Commercial2,0,https://www.radio-polska.pl/radio-vox-fm-933,,0
pl VOX FM Best lista 2024,pl_VOX_FM_Best_lista_2024,Commercial2,0,https://www.radio-polska.pl/vox-najlepszy-koncert-swiata,,0
pl VOX Gorzów Wlkp,pl_VOX_Gorzów_Wlkp,Commercial2,0,https://www.radio-polska.pl/vox-gorzow-wlkp,,0
pl VOX Poznań,pl_VOX_Poznań,Commercial2,0,https://www.radio-polska.pl/vox-lata-90,,0
pl VOX Radom,pl_VOX_Radom,Commercial2,0,https://www.radio-polska.pl/vox-radom,,0
pl Wasze Radio FM,pl_Wasze_Radio_FM,Commercial2,0,https://www.radio-polska.pl/wasze-radio-fm2,,0
pl X Stacja,pl_X_Stacja,Commercial2,0,https://www.radio-polska.pl/x-stacja,,0
pl X-Stacja Całkiem Inne Radio,pl_X-Stacja_Całkiem_Inne_Radio,Commercial2,0,https://www.radio-polska.pl/x-stacja-calkiem-inne-radio,,0
pl Z archiwum R Wolna Europa,pl_Z_archiwum_R_Wolna_Europa,Commercial2,1,https://www.radio-polska.pl/z-archiwum-r-wolna-europa,,0
pl ZET Chilli,pl_ZET_Chilli,Commercial2,0,https://www.radio-polska.pl/zet-chilli,,0
pl Лем фм (Lem FM),pl_Лем_фм_(Lem_FM),Commercial2,1,https://www.radio-polska.pl/lem-fm-lem-fm,,0
